<?xml version="1.0" encoding="UTF-8"?>
<ANALYSIS_SET>
  <ANALYSIS alias="webin-genome-pSPUR1">
    <TITLE>Genome assembly: pSPUR1</TITLE>
    <STUDY_REF accession="PRJEB28617" />
    <SAMPLE_REF accession="SAMEA4895667" />
    <ANALYSIS_TYPE>
      <SEQUENCE_ASSEMBLY>
        <NAME>pSPUR1</NAME>
        <PARTIAL>false</PARTIAL>
        <COVERAGE>100.0</COVERAGE>
        <PROGRAM>SPAdes</PROGRAM>
        <PLATFORM>ILLUMINA HiSeq2500</PLATFORM>
        <MIN_GAP_LENGTH>1</MIN_GAP_LENGTH>
        <MOL_TYPE>genomic DNA</MOL_TYPE>
      </SEQUENCE_ASSEMBLY>
    </ANALYSIS_TYPE>
    <FILES>
      <FILE filename="genome/pSPUR1/pSPUR1.list.gz" filetype="chromosome_list" checksum_method="MD5" checksum="8e6afb18dfebc5aa448d0d757e977cd9" />
      <FILE filename="genome/pSPUR1/pSPUR1.fna.gz" filetype="fasta" checksum_method="MD5" checksum="86abd520ab5734f26dff2fd7866ed88a" />
    </FILES>
  </ANALYSIS>
</ANALYSIS_SET>
