<?xml version="1.0" encoding="UTF-8"?>
<?xml-stylesheet type="text/xsl" href="receipt.xsl"?>
<RECEIPT receiptDate="2019-03-13T02:11:04.752Z" submissionFile="submission-YANGZHOU UNIVERSITY_1552443064752.xml" success="true">
  <ANALYSIS accession="ERZ817413" alias="webin-genome-pSPUR1" status="PRIVATE" />
  <SUBMISSION accession="ERA1767733" alias="SUBMISSION-13-03-2019-02:11:04:546" />
  <MESSAGES>
    <INFO>Submission has been committed.</INFO>
  </MESSAGES>
  <ACTIONS>ADD</ACTIONS>
</RECEIPT>
