<?xml version="1.0" encoding="UTF-8"?>
<ANALYSIS_SET>
  <ANALYSIS alias="webin-genome-pSPUR2">
    <TITLE>Genome assembly: pSPUR2</TITLE>
    <STUDY_REF accession="PRJEB28617" />
    <SAMPLE_REF accession="SAMEA4895666" />
    <ANALYSIS_TYPE>
      <SEQUENCE_ASSEMBLY>
        <NAME>pSPUR2</NAME>
        <PARTIAL>false</PARTIAL>
        <COVERAGE>100.0</COVERAGE>
        <PROGRAM>SPAdes</PROGRAM>
        <PLATFORM>ILLUMINA HiSeq2500</PLATFORM>
        <MIN_GAP_LENGTH>1</MIN_GAP_LENGTH>
        <MOL_TYPE>genomic DNA</MOL_TYPE>
      </SEQUENCE_ASSEMBLY>
    </ANALYSIS_TYPE>
    <FILES>
      <FILE filename="genome/pSPUR2/pSPUR2.list.gz" filetype="chromosome_list" checksum_method="MD5" checksum="fcae4c5472cc29476eeb3a67b8a8351f" />
      <FILE filename="genome/pSPUR2/pSPUR2.fna.gz" filetype="fasta" checksum_method="MD5" checksum="8fb1c4b3a92c354daa2d9221fd59a2f0" />
    </FILES>
  </ANALYSIS>
</ANALYSIS_SET>
