<?xml version="1.0" encoding="UTF-8"?>
<?xml-stylesheet type="text/xsl" href="receipt.xsl"?>
<RECEIPT receiptDate="2019-03-13T02:13:55.676Z" submissionFile="submission-YANGZHOU UNIVERSITY_1552443235676.xml" success="true">
  <ANALYSIS accession="ERZ817414" alias="webin-genome-pSPUR2" status="PRIVATE" />
  <SUBMISSION accession="ERA1767736" alias="SUBMISSION-13-03-2019-02:13:55:359" />
  <MESSAGES>
    <INFO>Submission has been committed.</INFO>
  </MESSAGES>
  <ACTIONS>ADD</ACTIONS>
</RECEIPT>
